{"_wandb":{"runtime":1349},"_runtime":1349.2194943,"reward":-0.49919113516807556,"distance_to_target":0.48505482647573384,"_timestamp":1.7518947870657008e+09,"_step":100000}