{"_runtime":317.5465458,"distance_to_target":0.4500738454527456,"reward":-0.5478268265724182,"_timestamp":1.7518811311411057e+09,"_step":200704,"_wandb":{"runtime":317}}