{"_timestamp":1.7518782229877493e+09,"_step":100352,"_wandb":{"runtime":128},"_runtime":128.433997,"distance_to_target":0.4956177564964659,"reward":-0.5077138543128967}