{"reward":-0.5288903117179871,"_timestamp":1.751895200397697e+09,"_step":200704,"_wandb":{"runtime":340},"_runtime":340.4507326,"distance_to_target":0.4468496511638416}