{"distance_to_target":0.4523191681887969,"reward":-0.6233912706375122,"_wandb":{"runtime":309},"_runtime":309.5838364,"_timestamp":1.7518796179361207e+09,"_step":200704}