{"_runtime":131,"distance_to_target":0.46906353497813963,"reward":-0.6882411241531372,"_timestamp":1.7518826548412714e+09,"_step":100361,"train_video":{"path":"media/videos/train_video_100361_5278bccd7814bb1e2047.mp4","_type":"video-file","sha256":"5278bccd7814bb1e2047f50c8f0f6f39bca6545d5955308be8f6e24fd1b0a98a","size":23349},"_wandb":{"runtime":131}}