{"reward":-0.5454164743423462,"_timestamp":1.751896137109459e+09,"_wandb":{"runtime":120},"_runtime":120.2093498,"_step":100352,"distance_to_target":0.4502630082897134}